SITE ID,LOCATION IDENTIFIER,STREET ADDRESS,TOWN,merged address,STATE,ENTIRE SERVICE LINE MATERIAL CLASSIFICATION,BUILDING TYPE,SOURCE FILE,STREET NUMBER,STREET NAME,extracted_pswid,is_match,PWSID,SYSTEM NAME
00000007R,"353 MAIN STREET, MIDDLETOWN, CT",353 MAIN STREET,MIDDLETOWN,353 MAIN STREET MIDDLETOWN CT,CT,Lead,NONRES,2024-10-16_CT0830011 Middletown_LCRR_Material_Inventory.xlsx,,,CT0830011,TRUE,CT0830011,Middletown Water Department
00000032C,"291 MAIN STREET, MIDDLETOWN, CT",291 MAIN STREET,MIDDLETOWN,291 MAIN STREET MIDDLETOWN CT,CT,Lead,NONRES,2024-10-16_CT0830011 Middletown_LCRR_Material_Inventory.xlsx,,,CT0830011,TRUE,CT0830011,Middletown Water Department
00000042R,"241 COURT STREET, MIDDLETOWN, CT",241 COURT STREET,MIDDLETOWN,241 COURT STREET MIDDLETOWN CT,CT,Lead,MF,2024-10-16_CT0830011 Middletown_LCRR_Material_Inventory.xlsx,,,CT0830011,TRUE,CT0830011,Middletown Water Department
00000050R,"346 MAIN STREET, MIDDLETOWN, CT",346 MAIN STREET,MIDDLETOWN,346 MAIN STREET MIDDLETOWN CT,CT,Lead,NONRES,2024-10-16_CT0830011 Middletown_LCRR_Material_Inventory.xlsx,,,CT0830011,TRUE,CT0830011,Middletown Water Department
00000071R,"318 MAIN STREET, MIDDLETOWN, CT",318 MAIN STREET,MIDDLETOWN,318 MAIN STREET MIDDLETOWN CT,CT,Lead,NONRES,2024-10-16_CT0830011 Middletown_LCRR_Material_Inventory.xlsx,,,CT0830011,TRUE,CT0830011,Middletown Water Department
00000093R,"15 PORTLAND STREET, MIDDLETOWN, CT",15 PORTLAND STREET,MIDDLETOWN,15 PORTLAND STREET MIDDLETOWN CT,CT,Lead,O,2024-10-16_CT0830011 Middletown_LCRR_Material_Inventory.xlsx,,,CT0830011,TRUE,CT0830011,Middletown Water Department
00000095R,"13 LIBERTY STREET, MIDDLETOWN, CT",13 LIBERTY STREET,MIDDLETOWN,13 LIBERTY STREET MIDDLETOWN CT,CT,Lead,MF,2024-10-16_CT0830011 Middletown_LCRR_Material_Inventory.xlsx,,,CT0830011,TRUE,CT0830011,Middletown Water Department
00000102R,"111 RESERVOIR ROAD, MIDDLETOWN, CT",111 RESERVOIR ROAD,MIDDLETOWN,111 RESERVOIR ROAD MIDDLETOWN CT,CT,Lead,SF,2024-10-16_CT0830011 Middletown_LCRR_Material_Inventory.xlsx,,,CT0830011,TRUE,CT0830011,Middletown Water Department
00000156R,"430 BOSTON ROAD, MIDDLETOWN, CT",430 BOSTON ROAD,MIDDLETOWN,430 BOSTON ROAD MIDDLETOWN CT,CT,Lead,SF,2024-10-16_CT0830011 Middletown_LCRR_Material_Inventory.xlsx,,,CT0830011,TRUE,CT0830011,Middletown Water Department
00000165R,"186 COLLEGE STREET, MIDDLETOWN, CT",186 COLLEGE STREET,MIDDLETOWN,186 COLLEGE STREET MIDDLETOWN CT,CT,Lead,MF,2024-10-16_CT0830011 Middletown_LCRR_Material_Inventory.xlsx,,,CT0830011,TRUE,CT0830011,Middletown Water Department
00000169R,"33 MILLBROOK ROAD, MIDDLETOWN, CT",33 MILLBROOK ROAD,MIDDLETOWN,33 MILLBROOK ROAD MIDDLETOWN CT,CT,Lead,SF,2024-10-16_CT0830011 Middletown_LCRR_Material_Inventory.xlsx,,,CT0830011,TRUE,CT0830011,Middletown Water Department
00000175R,"21 MILLBROOK ROAD, MIDDLETOWN, CT",21 MILLBROOK ROAD,MIDDLETOWN,21 MILLBROOK ROAD MIDDLETOWN CT,CT,Lead,SF,2024-10-16_CT0830011 Middletown_LCRR_Material_Inventory.xlsx,,,CT0830011,TRUE,CT0830011,Middletown Water Department
00000200R,"319 MAIN STREET, MIDDLETOWN, CT",319 MAIN STREET,MIDDLETOWN,319 MAIN STREET MIDDLETOWN CT,CT,Lead,NONRES,2024-10-16_CT0830011 Middletown_LCRR_Material_Inventory.xlsx,,,CT0830011,TRUE,CT0830011,Middletown Water Department
00000220R,"21 HUBBARD STREET, MIDDLETOWN, CT",21 HUBBARD STREET,MIDDLETOWN,21 HUBBARD STREET MIDDLETOWN CT,CT,Lead,O,2024-10-16_CT0830011 Middletown_LCRR_Material_Inventory.xlsx,,,CT0830011,TRUE,CT0830011,Middletown Water Department
00000247R,"45 HUBBARD STREET, MIDDLETOWN, CT",45 HUBBARD STREET,MIDDLETOWN,45 HUBBARD STREET MIDDLETOWN CT,CT,Lead,MF,2024-10-16_CT0830011 Middletown_LCRR_Material_Inventory.xlsx,,,CT0830011,TRUE,CT0830011,Middletown Water Department
00000252R,"23 ROME AVENUE, MIDDLETOWN, CT",23 ROME AVENUE,MIDDLETOWN,23 ROME AVENUE MIDDLETOWN CT,CT,Lead,MF,2024-10-16_CT0830011 Middletown_LCRR_Material_Inventory.xlsx,,,CT0830011,TRUE,CT0830011,Middletown Water Department
00000272R,"41 HOTCHKISS STREET, MIDDLETOWN, CT",41 HOTCHKISS STREET,MIDDLETOWN,41 HOTCHKISS STREET MIDDLETOWN CT,CT,Lead,MF,2024-10-16_CT0830011 Middletown_LCRR_Material_Inventory.xlsx,,,CT0830011,TRUE,CT0830011,Middletown Water Department
00000291R,"332 MAIN STREET, MIDDLETOWN, CT",332 MAIN STREET,MIDDLETOWN,332 MAIN STREET MIDDLETOWN CT,CT,Lead,NONRES,2024-10-16_CT0830011 Middletown_LCRR_Material_Inventory.xlsx,,,CT0830011,TRUE,CT0830011,Middletown Water Department
00000303I,"109 BRIDGE STREET, MIDDLETOWN, CT",109 BRIDGE STREET,MIDDLETOWN,109 BRIDGE STREET MIDDLETOWN CT,CT,Lead,SF,2024-10-16_CT0830011 Middletown_LCRR_Material_Inventory.xlsx,,,CT0830011,TRUE,CT0830011,Middletown Water Department
00000306C,"515 MAIN STREET, MIDDLETOWN, CT",515 MAIN STREET,MIDDLETOWN,515 MAIN STREET MIDDLETOWN CT,CT,Lead,NONRES,2024-10-16_CT0830011 Middletown_LCRR_Material_Inventory.xlsx,,,CT0830011,TRUE,CT0830011,Middletown Water Department
00000307R,"43 HUBBARD STREET, MIDDLETOWN, CT",43 HUBBARD STREET,MIDDLETOWN,43 HUBBARD STREET MIDDLETOWN CT,CT,Lead,MF,2024-10-16_CT0830011 Middletown_LCRR_Material_Inventory.xlsx,,,CT0830011,TRUE,CT0830011,Middletown Water Department
00000332R,"101 SOUTH MAIN STREET, MIDDLETOWN, CT",101 SOUTH MAIN STREET,MIDDLETOWN,101 SOUTH MAIN STREET MIDDLETOWN CT,CT,Lead,NONRES,2024-10-16_CT0830011 Middletown_LCRR_Material_Inventory.xlsx,,,CT0830011,TRUE,CT0830011,Middletown Water Department
00000351R,"17 WARWICK STREET, MIDDLETOWN, CT",17 WARWICK STREET,MIDDLETOWN,17 WARWICK STREET MIDDLETOWN CT,CT,Lead,MF,2024-10-16_CT0830011 Middletown_LCRR_Material_Inventory.xlsx,,,CT0830011,TRUE,CT0830011,Middletown Water Department
00000420R,"51 WARWICK STREET, MIDDLETOWN, CT",51 WARWICK STREET,MIDDLETOWN,51 WARWICK STREET MIDDLETOWN CT,CT,Lead,NONRES,2024-10-16_CT0830011 Middletown_LCRR_Material_Inventory.xlsx,,,CT0830011,TRUE,CT0830011,Middletown Water Department
00000429R,"265 PEARL STREET, MIDDLETOWN, CT",265 PEARL STREET,MIDDLETOWN,265 PEARL STREET MIDDLETOWN CT,CT,Lead,MF,2024-10-16_CT0830011 Middletown_LCRR_Material_Inventory.xlsx,,,CT0830011,TRUE,CT0830011,Middletown Water Department
00000449R,"51 HAMLIN STREET, MIDDLETOWN, CT",51 HAMLIN STREET,MIDDLETOWN,51 HAMLIN STREET MIDDLETOWN CT,CT,Lead,MF,2024-10-16_CT0830011 Middletown_LCRR_Material_Inventory.xlsx,,,CT0830011,TRUE,CT0830011,Middletown Water Department
00000513R,"178 PROSPECT STREET, MIDDLETOWN, CT",178 PROSPECT STREET,MIDDLETOWN,178 PROSPECT STREET MIDDLETOWN CT,CT,Lead,SF,2024-10-16_CT0830011 Middletown_LCRR_Material_Inventory.xlsx,,,CT0830011,TRUE,CT0830011,Middletown Water Department
00000526R,"329 MAIN STREET, MIDDLETOWN, CT",329 MAIN STREET,MIDDLETOWN,329 MAIN STREET MIDDLETOWN CT,CT,Lead,NONRES,2024-10-16_CT0830011 Middletown_LCRR_Material_Inventory.xlsx,,,CT0830011,TRUE,CT0830011,Middletown Water Department
00000536R,"124 CHURCH STREET, MIDDLETOWN, CT",124 CHURCH STREET,MIDDLETOWN,124 CHURCH STREET MIDDLETOWN CT,CT,Lead,MF,2024-10-16_CT0830011 Middletown_LCRR_Material_Inventory.xlsx,,,CT0830011,TRUE,CT0830011,Middletown Water Department
00000566R,"166 LIBERTY STREET, MIDDLETOWN, CT",166 LIBERTY STREET,MIDDLETOWN,166 LIBERTY STREET MIDDLETOWN CT,CT,Lead,MF,2024-10-16_CT0830011 Middletown_LCRR_Material_Inventory.xlsx,,,CT0830011,TRUE,CT0830011,Middletown Water Department
00000577R,"103 SOUTH MAIN STREET, MIDDLETOWN, CT",103 SOUTH MAIN STREET,MIDDLETOWN,103 SOUTH MAIN STREET MIDDLETOWN CT,CT,Lead,NONRES,2024-10-16_CT0830011 Middletown_LCRR_Material_Inventory.xlsx,,,CT0830011,TRUE,CT0830011,Middletown Water Department
00000588R,"54 SPRING STREET, MIDDLETOWN, CT",54 SPRING STREET,MIDDLETOWN,54 SPRING STREET MIDDLETOWN CT,CT,Lead,MF,2024-10-16_CT0830011 Middletown_LCRR_Material_Inventory.xlsx,,,CT0830011,TRUE,CT0830011,Middletown Water Department
00000592R,"22 GREEN STREET, MIDDLETOWN, CT",22 GREEN STREET,MIDDLETOWN,22 GREEN STREET MIDDLETOWN CT,CT,Lead,NONRES,2024-10-16_CT0830011 Middletown_LCRR_Material_Inventory.xlsx,,,CT0830011,TRUE,CT0830011,Middletown Water Department
00000624I,"118 PROSPECT STREET, MIDDLETOWN, CT",118 PROSPECT STREET,MIDDLETOWN,118 PROSPECT STREET MIDDLETOWN CT,CT,Lead,SF,2024-10-16_CT0830011 Middletown_LCRR_Material_Inventory.xlsx,,,CT0830011,TRUE,CT0830011,Middletown Water Department
00000631R,"102 HIGHLAND AVENUE, MIDDLETOWN, CT",102 HIGHLAND AVENUE,MIDDLETOWN,102 HIGHLAND AVENUE MIDDLETOWN CT,CT,Lead,SF,2024-10-16_CT0830011 Middletown_LCRR_Material_Inventory.xlsx,,,CT0830011,TRUE,CT0830011,Middletown Water Department
00000633R,"22 WARWICK STREET, MIDDLETOWN, CT",22 WARWICK STREET,MIDDLETOWN,22 WARWICK STREET MIDDLETOWN CT,CT,Lead,MF,2024-10-16_CT0830011 Middletown_LCRR_Material_Inventory.xlsx,,,CT0830011,TRUE,CT0830011,Middletown Water Department
00000637R,"15 MILLER STREET, MIDDLETOWN, CT",15 MILLER STREET,MIDDLETOWN,15 MILLER STREET MIDDLETOWN CT,CT,Lead,SF,2024-10-16_CT0830011 Middletown_LCRR_Material_Inventory.xlsx,,,CT0830011,TRUE,CT0830011,Middletown Water Department
00000656R,"27 PLEASANT STREET, MIDDLETOWN, CT",27 PLEASANT STREET,MIDDLETOWN,27 PLEASANT STREET MIDDLETOWN CT,CT,Lead,NONRES,2024-10-16_CT0830011 Middletown_LCRR_Material_Inventory.xlsx,,,CT0830011,TRUE,CT0830011,Middletown Water Department
00000664R,"238 COURT STREET, MIDDLETOWN, CT",238 COURT STREET,MIDDLETOWN,238 COURT STREET MIDDLETOWN CT,CT,Lead,MF,2024-10-16_CT0830011 Middletown_LCRR_Material_Inventory.xlsx,,,CT0830011,TRUE,CT0830011,Middletown Water Department
00000674R,"51 BROAD STREET, MIDDLETOWN, CT",51 BROAD STREET,MIDDLETOWN,51 BROAD STREET MIDDLETOWN CT,CT,Lead,NONRES,2024-10-16_CT0830011 Middletown_LCRR_Material_Inventory.xlsx,,,CT0830011,TRUE,CT0830011,Middletown Water Department
00000680R,"30 WEST STREET, MIDDLETOWN, CT",30 WEST STREET,MIDDLETOWN,30 WEST STREET MIDDLETOWN CT,CT,Lead,MF,2024-10-16_CT0830011 Middletown_LCRR_Material_Inventory.xlsx,,,CT0830011,TRUE,CT0830011,Middletown Water Department
00000683R,"351 BUTTERNUT STREET, MIDDLETOWN, CT",351 BUTTERNUT STREET,MIDDLETOWN,351 BUTTERNUT STREET MIDDLETOWN CT,CT,Lead,MF,2024-10-16_CT0830011 Middletown_LCRR_Material_Inventory.xlsx,,,CT0830011,TRUE,CT0830011,Middletown Water Department
00000775R,"84 GRAND STREET, MIDDLETOWN, CT",84 GRAND STREET,MIDDLETOWN,84 GRAND STREET MIDDLETOWN CT,CT,Lead,MF,2024-10-16_CT0830011 Middletown_LCRR_Material_Inventory.xlsx,,,CT0830011,TRUE,CT0830011,Middletown Water Department
00000783R,"50 GRAND STREET, MIDDLETOWN, CT",50 GRAND STREET,MIDDLETOWN,50 GRAND STREET MIDDLETOWN CT,CT,Lead,MF,2024-10-16_CT0830011 Middletown_LCRR_Material_Inventory.xlsx,,,CT0830011,TRUE,CT0830011,Middletown Water Department
00000799C,"472 MAIN STREET, MIDDLETOWN, CT",472 MAIN STREET,MIDDLETOWN,472 MAIN STREET MIDDLETOWN CT,CT,Lead,NONRES,2024-10-16_CT0830011 Middletown_LCRR_Material_Inventory.xlsx,,,CT0830011,TRUE,CT0830011,Middletown Water Department
00000834R,"168 SOUTH MAIN STREET, MIDDLETOWN, CT",168 SOUTH MAIN STREET,MIDDLETOWN,168 SOUTH MAIN STREET MIDDLETOWN CT,CT,Lead,MF,2024-10-16_CT0830011 Middletown_LCRR_Material_Inventory.xlsx,,,CT0830011,TRUE,CT0830011,Middletown Water Department
00000835R,"26 WARWICK STREET, MIDDLETOWN, CT",26 WARWICK STREET,MIDDLETOWN,26 WARWICK STREET MIDDLETOWN CT,CT,Lead,MF,2024-10-16_CT0830011 Middletown_LCRR_Material_Inventory.xlsx,,,CT0830011,TRUE,CT0830011,Middletown Water Department
00000845R,"344 MAIN STREET, MIDDLETOWN, CT",344 MAIN STREET,MIDDLETOWN,344 MAIN STREET MIDDLETOWN CT,CT,Lead,NONRES,2024-10-16_CT0830011 Middletown_LCRR_Material_Inventory.xlsx,,,CT0830011,TRUE,CT0830011,Middletown Water Department
00000849R,"90 NORTH MAIN STREET, MIDDLETOWN, CT",90 NORTH MAIN STREET,MIDDLETOWN,90 NORTH MAIN STREET MIDDLETOWN CT,CT,Lead,NONRES,2024-10-16_CT0830011 Middletown_LCRR_Material_Inventory.xlsx,,,CT0830011,TRUE,CT0830011,Middletown Water Department
00000855R,"32 EVERGREEN AVENUE, MIDDLETOWN, CT",32 EVERGREEN AVENUE,MIDDLETOWN,32 EVERGREEN AVENUE MIDDLETOWN CT,CT,Lead,SF,2024-10-16_CT0830011 Middletown_LCRR_Material_Inventory.xlsx,,,CT0830011,TRUE,CT0830011,Middletown Water Department
00000960R,"170 COLLEGE STREET, MIDDLETOWN, CT",170 COLLEGE STREET,MIDDLETOWN,170 COLLEGE STREET MIDDLETOWN CT,CT,Lead,MF,2024-10-16_CT0830011 Middletown_LCRR_Material_Inventory.xlsx,,,CT0830011,TRUE,CT0830011,Middletown Water Department
00000961R,"12 PEARL STREET, MIDDLETOWN, CT",12 PEARL STREET,MIDDLETOWN,12 PEARL STREET MIDDLETOWN CT,CT,Lead,SF,2024-10-16_CT0830011 Middletown_LCRR_Material_Inventory.xlsx,,,CT0830011,TRUE,CT0830011,Middletown Water Department
00000964R,"271 COURT STREET, MIDDLETOWN, CT",271 COURT STREET,MIDDLETOWN,271 COURT STREET MIDDLETOWN CT,CT,Lead,SF,2024-10-16_CT0830011 Middletown_LCRR_Material_Inventory.xlsx,,,CT0830011,TRUE,CT0830011,Middletown Water Department
00000979R,"176 PEARL STREET, MIDDLETOWN, CT",176 PEARL STREET,MIDDLETOWN,176 PEARL STREET MIDDLETOWN CT,CT,Lead,MF,2024-10-16_CT0830011 Middletown_LCRR_Material_Inventory.xlsx,,,CT0830011,TRUE,CT0830011,Middletown Water Department
00000984R,"7 SPRING STREET, MIDDLETOWN, CT",7 SPRING STREET,MIDDLETOWN,7 SPRING STREET MIDDLETOWN CT,CT,Lead,NONRES,2024-10-16_CT0830011 Middletown_LCRR_Material_Inventory.xlsx,,,CT0830011,TRUE,CT0830011,Middletown Water Department
00000989R,"259 PEARL STREET, MIDDLETOWN, CT",259 PEARL STREET,MIDDLETOWN,259 PEARL STREET MIDDLETOWN CT,CT,Lead,MF,2024-10-16_CT0830011 Middletown_LCRR_Material_Inventory.xlsx,,,CT0830011,TRUE,CT0830011,Middletown Water Department
00000995R,"26 HUNTING HILL AVENUE, MIDDLETOWN, CT",26 HUNTING HILL AVENUE,MIDDLETOWN,26 HUNTING HILL AVENUE MIDDLETOWN CT,CT,Lead,SF,2024-10-16_CT0830011 Middletown_LCRR_Material_Inventory.xlsx,,,CT0830011,TRUE,CT0830011,Middletown Water Department
00001030R,"769 SOUTH MAIN STREET, MIDDLETOWN, CT",769 SOUTH MAIN STREET,MIDDLETOWN,769 SOUTH MAIN STREET MIDDLETOWN CT,CT,Lead,SF,2024-10-16_CT0830011 Middletown_LCRR_Material_Inventory.xlsx,,,CT0830011,TRUE,CT0830011,Middletown Water Department
00001040R,"153 LINCOLN STREET, MIDDLETOWN, CT",153 LINCOLN STREET,MIDDLETOWN,153 LINCOLN STREET MIDDLETOWN CT,CT,Lead,MF,2024-10-16_CT0830011 Middletown_LCRR_Material_Inventory.xlsx,,,CT0830011,TRUE,CT0830011,Middletown Water Department
00001049R,"156 HIGHLAND AVENUE, MIDDLETOWN, CT",156 HIGHLAND AVENUE,MIDDLETOWN,156 HIGHLAND AVENUE MIDDLETOWN CT,CT,Lead,SF,2024-10-16_CT0830011 Middletown_LCRR_Material_Inventory.xlsx,,,CT0830011,TRUE,CT0830011,Middletown Water Department
00001069R,"90 WOODWARD AVENUE, MIDDLETOWN, CT",90 WOODWARD AVENUE,MIDDLETOWN,90 WOODWARD AVENUE MIDDLETOWN CT,CT,Lead,SF,2024-10-16_CT0830011 Middletown_LCRR_Material_Inventory.xlsx,,,CT0830011,TRUE,CT0830011,Middletown Water Department
00001084R,"46 GREEN STREET, MIDDLETOWN, CT",46 GREEN STREET,MIDDLETOWN,46 GREEN STREET MIDDLETOWN CT,CT,Lead,NONRES,2024-10-16_CT0830011 Middletown_LCRR_Material_Inventory.xlsx,,,CT0830011,TRUE,CT0830011,Middletown Water Department
00001090R,"3 FLOWER STREET, MIDDLETOWN, CT",3 FLOWER STREET,MIDDLETOWN,3 FLOWER STREET MIDDLETOWN CT,CT,Lead,SF,2024-10-16_CT0830011 Middletown_LCRR_Material_Inventory.xlsx,,,CT0830011,TRUE,CT0830011,Middletown Water Department
00001091R,"86 LINCOLN STREET, MIDDLETOWN, CT",86 LINCOLN STREET,MIDDLETOWN,86 LINCOLN STREET MIDDLETOWN CT,CT,Lead,MF,2024-10-16_CT0830011 Middletown_LCRR_Material_Inventory.xlsx,,,CT0830011,TRUE,CT0830011,Middletown Water Department
00001104R,"180 LIBERTY STREET, MIDDLETOWN, CT",180 LIBERTY STREET,MIDDLETOWN,180 LIBERTY STREET MIDDLETOWN CT,CT,Lead,SF,2024-10-16_CT0830011 Middletown_LCRR_Material_Inventory.xlsx,,,CT0830011,TRUE,CT0830011,Middletown Water Department
00001131R,"642 MAIN STREET, MIDDLETOWN, CT",642 MAIN STREET,MIDDLETOWN,642 MAIN STREET MIDDLETOWN CT,CT,Lead,NONRES,2024-10-16_CT0830011 Middletown_LCRR_Material_Inventory.xlsx,,,CT0830011,TRUE,CT0830011,Middletown Water Department
00001153R,"32 FAIRVIEW AVENUE, MIDDLETOWN, CT",32 FAIRVIEW AVENUE,MIDDLETOWN,32 FAIRVIEW AVENUE MIDDLETOWN CT,CT,Lead,SF,2024-10-16_CT0830011 Middletown_LCRR_Material_Inventory.xlsx,,,CT0830011,TRUE,CT0830011,Middletown Water Department
00001184R,"80 PEARL STREET, MIDDLETOWN, CT",80 PEARL STREET,MIDDLETOWN,80 PEARL STREET MIDDLETOWN CT,CT,Lead,MF,2024-10-16_CT0830011 Middletown_LCRR_Material_Inventory.xlsx,,,CT0830011,TRUE,CT0830011,Middletown Water Department
00001196R,"32 NEWTOWN STREET, MIDDLETOWN, CT",32 NEWTOWN STREET,MIDDLETOWN,32 NEWTOWN STREET MIDDLETOWN CT,CT,Lead,SF,2024-10-16_CT0830011 Middletown_LCRR_Material_Inventory.xlsx,,,CT0830011,TRUE,CT0830011,Middletown Water Department
00001200R,"18 WARWICK STREET, MIDDLETOWN, CT",18 WARWICK STREET,MIDDLETOWN,18 WARWICK STREET MIDDLETOWN CT,CT,Lead,MF,2024-10-16_CT0830011 Middletown_LCRR_Material_Inventory.xlsx,,,CT0830011,TRUE,CT0830011,Middletown Water Department
00001201R,"95 LINCOLN STREET, MIDDLETOWN, CT",95 LINCOLN STREET,MIDDLETOWN,95 LINCOLN STREET MIDDLETOWN CT,CT,Lead,MF,2024-10-16_CT0830011 Middletown_LCRR_Material_Inventory.xlsx,,,CT0830011,TRUE,CT0830011,Middletown Water Department
00001205R,"67 HIGHLAND AVENUE, MIDDLETOWN, CT",67 HIGHLAND AVENUE,MIDDLETOWN,67 HIGHLAND AVENUE MIDDLETOWN CT,CT,Lead,MF,2024-10-16_CT0830011 Middletown_LCRR_Material_Inventory.xlsx,,,CT0830011,TRUE,CT0830011,Middletown Water Department
00001210R,"19 GOODYEAR AVENUE, MIDDLETOWN, CT",19 GOODYEAR AVENUE,MIDDLETOWN,19 GOODYEAR AVENUE MIDDLETOWN CT,CT,Lead,SF,2024-10-16_CT0830011 Middletown_LCRR_Material_Inventory.xlsx,,,CT0830011,TRUE,CT0830011,Middletown Water Department
00001220R,"6 LOVELAND STREET, MIDDLETOWN, CT",6 LOVELAND STREET,MIDDLETOWN,6 LOVELAND STREET MIDDLETOWN CT,CT,Lead,MF,2024-10-16_CT0830011 Middletown_LCRR_Material_Inventory.xlsx,,,CT0830011,TRUE,CT0830011,Middletown Water Department
00001225R,"444 HIGH STREET, MIDDLETOWN, CT",444 HIGH STREET,MIDDLETOWN,444 HIGH STREET MIDDLETOWN CT,CT,Lead,MF,2024-10-16_CT0830011 Middletown_LCRR_Material_Inventory.xlsx,,,CT0830011,TRUE,CT0830011,Middletown Water Department
00001259R,"28 DURANT TERRACE, MIDDLETOWN, CT",28 DURANT TERRACE,MIDDLETOWN,28 DURANT TERRACE MIDDLETOWN CT,CT,Lead,MF,2024-10-16_CT0830011 Middletown_LCRR_Material_Inventory.xlsx,,,CT0830011,TRUE,CT0830011,Middletown Water Department
00001299R,"608 HIGH STREET, MIDDLETOWN, CT",608 HIGH STREET,MIDDLETOWN,608 HIGH STREET MIDDLETOWN CT,CT,Lead,SF,2024-10-16_CT0830011 Middletown_LCRR_Material_Inventory.xlsx,,,CT0830011,TRUE,CT0830011,Middletown Water Department
00001304R,"137 SOUTH MAIN STREET, MIDDLETOWN, CT",137 SOUTH MAIN STREET,MIDDLETOWN,137 SOUTH MAIN STREET MIDDLETOWN CT,CT,Lead,NONRES,2024-10-16_CT0830011 Middletown_LCRR_Material_Inventory.xlsx,,,CT0830011,TRUE,CT0830011,Middletown Water Department
00001326R,"183 EAST MAIN STREET, MIDDLETOWN, CT",183 EAST MAIN STREET,MIDDLETOWN,183 EAST MAIN STREET MIDDLETOWN CT,CT,Lead,MF,2024-10-16_CT0830011 Middletown_LCRR_Material_Inventory.xlsx,,,CT0830011,TRUE,CT0830011,Middletown Water Department
00001335R,"498 HIGH STREET, MIDDLETOWN, CT",498 HIGH STREET,MIDDLETOWN,498 HIGH STREET MIDDLETOWN CT,CT,Lead,MF,2024-10-16_CT0830011 Middletown_LCRR_Material_Inventory.xlsx,,,CT0830011,TRUE,CT0830011,Middletown Water Department
00001336R,"491 HIGH STREET, MIDDLETOWN, CT",491 HIGH STREET,MIDDLETOWN,491 HIGH STREET MIDDLETOWN CT,CT,Lead,NONRES,2024-10-16_CT0830011 Middletown_LCRR_Material_Inventory.xlsx,,,CT0830011,TRUE,CT0830011,Middletown Water Department
00001341R,"46 WARWICK STREET, MIDDLETOWN, CT",46 WARWICK STREET,MIDDLETOWN,46 WARWICK STREET MIDDLETOWN CT,CT,Lead,MF,2024-10-16_CT0830011 Middletown_LCRR_Material_Inventory.xlsx,,,CT0830011,TRUE,CT0830011,Middletown Water Department
00001343R,"381 MAIN STREET, MIDDLETOWN, CT",381 MAIN STREET,MIDDLETOWN,381 MAIN STREET MIDDLETOWN CT,CT,Lead,NONRES,2024-10-16_CT0830011 Middletown_LCRR_Material_Inventory.xlsx,,,CT0830011,TRUE,CT0830011,Middletown Water Department
00001357R,"8 WALNUT STREET, MIDDLETOWN, CT",8 WALNUT STREET,MIDDLETOWN,8 WALNUT STREET MIDDLETOWN CT,CT,Lead,MF,2024-10-16_CT0830011 Middletown_LCRR_Material_Inventory.xlsx,,,CT0830011,TRUE,CT0830011,Middletown Water Department
00001365R,"607 HIGH STREET, MIDDLETOWN, CT",607 HIGH STREET,MIDDLETOWN,607 HIGH STREET MIDDLETOWN CT,CT,Lead,SF,2024-10-16_CT0830011 Middletown_LCRR_Material_Inventory.xlsx,,,CT0830011,TRUE,CT0830011,Middletown Water Department
00001370R,"25 HUBBARD STREET, MIDDLETOWN, CT",25 HUBBARD STREET,MIDDLETOWN,25 HUBBARD STREET MIDDLETOWN CT,CT,Lead,SF,2024-10-16_CT0830011 Middletown_LCRR_Material_Inventory.xlsx,,,CT0830011,TRUE,CT0830011,Middletown Water Department
00001371R,"539 EAST STREET, MIDDLETOWN, CT",539 EAST STREET,MIDDLETOWN,539 EAST STREET MIDDLETOWN CT,CT,Lead,SF,2024-10-16_CT0830011 Middletown_LCRR_Material_Inventory.xlsx,,,CT0830011,TRUE,CT0830011,Middletown Water Department
00001374R,"59 BROAD STREET, MIDDLETOWN, CT",59 BROAD STREET,MIDDLETOWN,59 BROAD STREET MIDDLETOWN CT,CT,Lead,NONRES,2024-10-16_CT0830011 Middletown_LCRR_Material_Inventory.xlsx,,,CT0830011,TRUE,CT0830011,Middletown Water Department
00001390R,"50 LIBERTY STREET, MIDDLETOWN, CT",50 LIBERTY STREET,MIDDLETOWN,50 LIBERTY STREET MIDDLETOWN CT,CT,Lead,MF,2024-10-16_CT0830011 Middletown_LCRR_Material_Inventory.xlsx,,,CT0830011,TRUE,CT0830011,Middletown Water Department
00001410R,"219 PROSPECT STREET, MIDDLETOWN, CT",219 PROSPECT STREET,MIDDLETOWN,219 PROSPECT STREET MIDDLETOWN CT,CT,Lead,MF,2024-10-16_CT0830011 Middletown_LCRR_Material_Inventory.xlsx,,,CT0830011,TRUE,CT0830011,Middletown Water Department
00001417R,"221 COLLEGE STREET, MIDDLETOWN, CT",221 COLLEGE STREET,MIDDLETOWN,221 COLLEGE STREET MIDDLETOWN CT,CT,Lead,MF,2024-10-16_CT0830011 Middletown_LCRR_Material_Inventory.xlsx,,,CT0830011,TRUE,CT0830011,Middletown Water Department
00001418R,"412 MAIN STREET, MIDDLETOWN, CT",412 MAIN STREET,MIDDLETOWN,412 MAIN STREET MIDDLETOWN CT,CT,Lead,NONRES,2024-10-16_CT0830011 Middletown_LCRR_Material_Inventory.xlsx,,,CT0830011,TRUE,CT0830011,Middletown Water Department
00001429R,"85 BROAD STREET, MIDDLETOWN, CT",85 BROAD STREET,MIDDLETOWN,85 BROAD STREET MIDDLETOWN CT,CT,Lead,NONRES,2024-10-16_CT0830011 Middletown_LCRR_Material_Inventory.xlsx,,,CT0830011,TRUE,CT0830011,Middletown Water Department
00001430R,"217 EAST MAIN STREET, MIDDLETOWN, CT",217 EAST MAIN STREET,MIDDLETOWN,217 EAST MAIN STREET MIDDLETOWN CT,CT,Lead,NONRES,2024-10-16_CT0830011 Middletown_LCRR_Material_Inventory.xlsx,,,CT0830011,TRUE,CT0830011,Middletown Water Department
00001431R,"427 HIGH STREET, MIDDLETOWN, CT",427 HIGH STREET,MIDDLETOWN,427 HIGH STREET MIDDLETOWN CT,CT,Lead,MF,2024-10-16_CT0830011 Middletown_LCRR_Material_Inventory.xlsx,,,CT0830011,TRUE,CT0830011,Middletown Water Department
00001433R,"41 OAK STREET, MIDDLETOWN, CT",41 OAK STREET,MIDDLETOWN,41 OAK STREET MIDDLETOWN CT,CT,Lead,MF,2024-10-16_CT0830011 Middletown_LCRR_Material_Inventory.xlsx,,,CT0830011,TRUE,CT0830011,Middletown Water Department
00001448R,"424 HIGH STREET, MIDDLETOWN, CT",424 HIGH STREET,MIDDLETOWN,424 HIGH STREET MIDDLETOWN CT,CT,Lead,MF,2024-10-16_CT0830011 Middletown_LCRR_Material_Inventory.xlsx,,,CT0830011,TRUE,CT0830011,Middletown Water Department
00001450R,"160 PEARL STREET, MIDDLETOWN, CT",160 PEARL STREET,MIDDLETOWN,160 PEARL STREET MIDDLETOWN CT,CT,Lead,MF,2024-10-16_CT0830011 Middletown_LCRR_Material_Inventory.xlsx,,,CT0830011,TRUE,CT0830011,Middletown Water Department
00001454R,"78 BURR AVENUE, MIDDLETOWN, CT",78 BURR AVENUE,MIDDLETOWN,78 BURR AVENUE MIDDLETOWN CT,CT,Lead,SF,2024-10-16_CT0830011 Middletown_LCRR_Material_Inventory.xlsx,,,CT0830011,TRUE,CT0830011,Middletown Water Department
00001464R,"162 LIBERTY STREET, MIDDLETOWN, CT",162 LIBERTY STREET,MIDDLETOWN,162 LIBERTY STREET MIDDLETOWN CT,CT,Lead,MF,2024-10-16_CT0830011 Middletown_LCRR_Material_Inventory.xlsx,,,CT0830011,TRUE,CT0830011,Middletown Water Department
00001485R,"87 SPRING STREET, MIDDLETOWN, CT",87 SPRING STREET,MIDDLETOWN,87 SPRING STREET MIDDLETOWN CT,CT,Lead,MF,2024-10-16_CT0830011 Middletown_LCRR_Material_Inventory.xlsx,,,CT0830011,TRUE,CT0830011,Middletown Water Department
00001511R,"529 HIGH STREET, MIDDLETOWN, CT",529 HIGH STREET,MIDDLETOWN,529 HIGH STREET MIDDLETOWN CT,CT,Lead,SF,2024-10-16_CT0830011 Middletown_LCRR_Material_Inventory.xlsx,,,CT0830011,TRUE,CT0830011,Middletown Water Department
00001515R,"477 HIGH STREET, MIDDLETOWN, CT",477 HIGH STREET,MIDDLETOWN,477 HIGH STREET MIDDLETOWN CT,CT,Lead,MF,2024-10-16_CT0830011 Middletown_LCRR_Material_Inventory.xlsx,,,CT0830011,TRUE,CT0830011,Middletown Water Department
00001529R,"175 PROSPECT STREET, MIDDLETOWN, CT",175 PROSPECT STREET,MIDDLETOWN,175 PROSPECT STREET MIDDLETOWN CT,CT,Lead,MF,2024-10-16_CT0830011 Middletown_LCRR_Material_Inventory.xlsx,,,CT0830011,TRUE,CT0830011,Middletown Water Department
00001533R,"211 PROSPECT STREET, MIDDLETOWN, CT",211 PROSPECT STREET,MIDDLETOWN,211 PROSPECT STREET MIDDLETOWN CT,CT,Lead,MF,2024-10-16_CT0830011 Middletown_LCRR_Material_Inventory.xlsx,,,CT0830011,TRUE,CT0830011,Middletown Water Department
00001535R,"141 BRIDGE STREET, MIDDLETOWN, CT",141 BRIDGE STREET,MIDDLETOWN,141 BRIDGE STREET MIDDLETOWN CT,CT,Lead,NONRES,2024-10-16_CT0830011 Middletown_LCRR_Material_Inventory.xlsx,,,CT0830011,TRUE,CT0830011,Middletown Water Department
00001551R,"92 LINCOLN STREET, MIDDLETOWN, CT",92 LINCOLN STREET,MIDDLETOWN,92 LINCOLN STREET MIDDLETOWN CT,CT,Lead,MF,2024-10-16_CT0830011 Middletown_LCRR_Material_Inventory.xlsx,,,CT0830011,TRUE,CT0830011,Middletown Water Department
00001563R,"159 EAST MAIN STREET, MIDDLETOWN, CT",159 EAST MAIN STREET,MIDDLETOWN,159 EAST MAIN STREET MIDDLETOWN CT,CT,Lead,MF,2024-10-16_CT0830011 Middletown_LCRR_Material_Inventory.xlsx,,,CT0830011,TRUE,CT0830011,Middletown Water Department
00001571R,"250 PEARL STREET, MIDDLETOWN, CT",250 PEARL STREET,MIDDLETOWN,250 PEARL STREET MIDDLETOWN CT,CT,Lead,MF,2024-10-16_CT0830011 Middletown_LCRR_Material_Inventory.xlsx,,,CT0830011,TRUE,CT0830011,Middletown Water Department
00001603R,"50 WASHINGTON STREET, MIDDLETOWN, CT",50 WASHINGTON STREET,MIDDLETOWN,50 WASHINGTON STREET MIDDLETOWN CT,CT,Lead,NONRES,2024-10-16_CT0830011 Middletown_LCRR_Material_Inventory.xlsx,,,CT0830011,TRUE,CT0830011,Middletown Water Department
00001614R,"30 SOUTH MAIN STREET, MIDDLETOWN, CT",30 SOUTH MAIN STREET,MIDDLETOWN,30 SOUTH MAIN STREET MIDDLETOWN CT,CT,Lead,MF,2024-10-16_CT0830011 Middletown_LCRR_Material_Inventory.xlsx,,,CT0830011,TRUE,CT0830011,Middletown Water Department
00001619R,"144 PEARL STREET, MIDDLETOWN, CT",144 PEARL STREET,MIDDLETOWN,144 PEARL STREET MIDDLETOWN CT,CT,Lead,MF,2024-10-16_CT0830011 Middletown_LCRR_Material_Inventory.xlsx,,,CT0830011,TRUE,CT0830011,Middletown Water Department
00001624R,"7 WALNUT STREET, MIDDLETOWN, CT",7 WALNUT STREET,MIDDLETOWN,7 WALNUT STREET MIDDLETOWN CT,CT,Lead,MF,2024-10-16_CT0830011 Middletown_LCRR_Material_Inventory.xlsx,,,CT0830011,TRUE,CT0830011,Middletown Water Department
00001672R,"179 PROSPECT STREET, MIDDLETOWN, CT",179 PROSPECT STREET,MIDDLETOWN,179 PROSPECT STREET MIDDLETOWN CT,CT,Lead,SF,2024-10-16_CT0830011 Middletown_LCRR_Material_Inventory.xlsx,,,CT0830011,TRUE,CT0830011,Middletown Water Department
00001680R,"258 PEARL STREET, MIDDLETOWN, CT",258 PEARL STREET,MIDDLETOWN,258 PEARL STREET MIDDLETOWN CT,CT,Lead,MF,2024-10-16_CT0830011 Middletown_LCRR_Material_Inventory.xlsx,,,CT0830011,TRUE,CT0830011,Middletown Water Department
00001694R,"151 PEARL STREET, MIDDLETOWN, CT",151 PEARL STREET,MIDDLETOWN,151 PEARL STREET MIDDLETOWN CT,CT,Lead,SF,2024-10-16_CT0830011 Middletown_LCRR_Material_Inventory.xlsx,,,CT0830011,TRUE,CT0830011,Middletown Water Department
00001712R,"154 WASHINGTON STREET, MIDDLETOWN, CT",154 WASHINGTON STREET,MIDDLETOWN,154 WASHINGTON STREET MIDDLETOWN CT,CT,Lead,MF,2024-10-16_CT0830011 Middletown_LCRR_Material_Inventory.xlsx,,,CT0830011,TRUE,CT0830011,Middletown Water Department
00001742R,"211 EAST MAIN STREET, MIDDLETOWN, CT",211 EAST MAIN STREET,MIDDLETOWN,211 EAST MAIN STREET MIDDLETOWN CT,CT,Lead,MF,2024-10-16_CT0830011 Middletown_LCRR_Material_Inventory.xlsx,,,CT0830011,TRUE,CT0830011,Middletown Water Department
00001755R,"156 GRAND STREET, MIDDLETOWN, CT",156 GRAND STREET,MIDDLETOWN,156 GRAND STREET MIDDLETOWN CT,CT,Lead,MF,2024-10-16_CT0830011 Middletown_LCRR_Material_Inventory.xlsx,,,CT0830011,TRUE,CT0830011,Middletown Water Department
00001806R,"30 WARWICK STREET, MIDDLETOWN, CT",30 WARWICK STREET,MIDDLETOWN,30 WARWICK STREET MIDDLETOWN CT,CT,Lead,MF,2024-10-16_CT0830011 Middletown_LCRR_Material_Inventory.xlsx,,,CT0830011,TRUE,CT0830011,Middletown Water Department
00001810R,"221 EAST MAIN STREET, MIDDLETOWN, CT",221 EAST MAIN STREET,MIDDLETOWN,221 EAST MAIN STREET MIDDLETOWN CT,CT,Lead,MF,2024-10-16_CT0830011 Middletown_LCRR_Material_Inventory.xlsx,,,CT0830011,TRUE,CT0830011,Middletown Water Department
00001834R,"22 SOUTH MAIN STREET, MIDDLETOWN, CT",22 SOUTH MAIN STREET,MIDDLETOWN,22 SOUTH MAIN STREET MIDDLETOWN CT,CT,Lead,NONRES,2024-10-16_CT0830011 Middletown_LCRR_Material_Inventory.xlsx,,,CT0830011,TRUE,CT0830011,Middletown Water Department
00001845R,"3 SILVER STREET, MIDDLETOWN, CT",3 SILVER STREET,MIDDLETOWN,3 SILVER STREET MIDDLETOWN CT,CT,Lead,NONRES,2024-10-16_CT0830011 Middletown_LCRR_Material_Inventory.xlsx,,,CT0830011,TRUE,CT0830011,Middletown Water Department
00002041R,"141 JOHNSON STREET, MIDDLETOWN, CT",141 JOHNSON STREET,MIDDLETOWN,141 JOHNSON STREET MIDDLETOWN CT,CT,Lead,MF,2024-10-16_CT0830011 Middletown_LCRR_Material_Inventory.xlsx,,,CT0830011,TRUE,CT0830011,Middletown Water Department
00002049R,"55 BRAINERD AVENUE, MIDDLETOWN, CT",55 BRAINERD AVENUE,MIDDLETOWN,55 BRAINERD AVENUE MIDDLETOWN CT,CT,Lead,NONRES,2024-10-16_CT0830011 Middletown_LCRR_Material_Inventory.xlsx,,,CT0830011,TRUE,CT0830011,Middletown Water Department
00002050R,"7 EVERGREEN AVENUE, MIDDLETOWN, CT",7 EVERGREEN AVENUE,MIDDLETOWN,7 EVERGREEN AVENUE MIDDLETOWN CT,CT,Lead,SF,2024-10-16_CT0830011 Middletown_LCRR_Material_Inventory.xlsx,,,CT0830011,TRUE,CT0830011,Middletown Water Department
00002069R,"41 SILVER STREET, MIDDLETOWN, CT",41 SILVER STREET,MIDDLETOWN,41 SILVER STREET MIDDLETOWN CT,CT,Lead,NONRES,2024-10-16_CT0830011 Middletown_LCRR_Material_Inventory.xlsx,,,CT0830011,TRUE,CT0830011,Middletown Water Department
00002075R,"78 HOME AVENUE, MIDDLETOWN, CT",78 HOME AVENUE,MIDDLETOWN,78 HOME AVENUE MIDDLETOWN CT,CT,Lead,SF,2024-10-16_CT0830011 Middletown_LCRR_Material_Inventory.xlsx,,,CT0830011,TRUE,CT0830011,Middletown Water Department
00002076R,"195 LIBERTY STREET, MIDDLETOWN, CT",195 LIBERTY STREET,MIDDLETOWN,195 LIBERTY STREET MIDDLETOWN CT,CT,Lead,MF,2024-10-16_CT0830011 Middletown_LCRR_Material_Inventory.xlsx,,,CT0830011,TRUE,CT0830011,Middletown Water Department
00002079R,"23 BRAINERD AVENUE, MIDDLETOWN, CT",23 BRAINERD AVENUE,MIDDLETOWN,23 BRAINERD AVENUE MIDDLETOWN CT,CT,Lead,SF,2024-10-16_CT0830011 Middletown_LCRR_Material_Inventory.xlsx,,,CT0830011,TRUE,CT0830011,Middletown Water Department
00002086R,"54 MIDDLEFIELD STREET, MIDDLETOWN, CT",54 MIDDLEFIELD STREET,MIDDLETOWN,54 MIDDLEFIELD STREET MIDDLETOWN CT,CT,Lead,SF,2024-10-16_CT0830011 Middletown_LCRR_Material_Inventory.xlsx,,,CT0830011,TRUE,CT0830011,Middletown Water Department
00002087R,"42 MIDDLEFIELD STREET, MIDDLETOWN, CT",42 MIDDLEFIELD STREET,MIDDLETOWN,42 MIDDLEFIELD STREET MIDDLETOWN CT,CT,Lead,SF,2024-10-16_CT0830011 Middletown_LCRR_Material_Inventory.xlsx,,,CT0830011,TRUE,CT0830011,Middletown Water Department
00002098R,"21 EASTERN DRIVE, MIDDLETOWN, CT",21 EASTERN DRIVE,MIDDLETOWN,21 EASTERN DRIVE MIDDLETOWN CT,CT,Lead,MF,2024-10-16_CT0830011 Middletown_LCRR_Material_Inventory.xlsx,,,CT0830011,TRUE,CT0830011,Middletown Water Department
00002099R,"626 HIGH STREET, MIDDLETOWN, CT",626 HIGH STREET,MIDDLETOWN,626 HIGH STREET MIDDLETOWN CT,CT,Lead,MF,2024-10-16_CT0830011 Middletown_LCRR_Material_Inventory.xlsx,,,CT0830011,TRUE,CT0830011,Middletown Water Department
00002105I,"41 LAUREL STREET, MIDDLETOWN, CT",41 LAUREL STREET,MIDDLETOWN,41 LAUREL STREET MIDDLETOWN CT,CT,Lead,SF,2024-10-16_CT0830011 Middletown_LCRR_Material_Inventory.xlsx,,,CT0830011,TRUE,CT0830011,Middletown Water Department
00002107R,"32 ROBERTS STREET, MIDDLETOWN, CT",32 ROBERTS STREET,MIDDLETOWN,32 ROBERTS STREET MIDDLETOWN CT,CT,Lead,SF,2024-10-16_CT0830011 Middletown_LCRR_Material_Inventory.xlsx,,,CT0830011,TRUE,CT0830011,Middletown Water Department
00002108R,"86 HIGH STREET, MIDDLETOWN, CT",86 HIGH STREET,MIDDLETOWN,86 HIGH STREET MIDDLETOWN CT,CT,Lead,MF,2024-10-16_CT0830011 Middletown_LCRR_Material_Inventory.xlsx,,,CT0830011,TRUE,CT0830011,Middletown Water Department
00002130R,"70 OAK STREET, MIDDLETOWN, CT",70 OAK STREET,MIDDLETOWN,70 OAK STREET MIDDLETOWN CT,CT,Lead,SF,2024-10-16_CT0830011 Middletown_LCRR_Material_Inventory.xlsx,,,CT0830011,TRUE,CT0830011,Middletown Water Department
00002131R,"43 SILVER STREET, MIDDLETOWN, CT",43 SILVER STREET,MIDDLETOWN,43 SILVER STREET MIDDLETOWN CT,CT,Lead,SF,2024-10-16_CT0830011 Middletown_LCRR_Material_Inventory.xlsx,,,CT0830011,TRUE,CT0830011,Middletown Water Department
00002142R,"23 EVERGREEN AVENUE, MIDDLETOWN, CT",23 EVERGREEN AVENUE,MIDDLETOWN,23 EVERGREEN AVENUE MIDDLETOWN CT,CT,Lead,SF,2024-10-16_CT0830011 Middletown_LCRR_Material_Inventory.xlsx,,,CT0830011,TRUE,CT0830011,Middletown Water Department
00002145R,"128 WASHINGTON STREET, MIDDLETOWN, CT",128 WASHINGTON STREET,MIDDLETOWN,128 WASHINGTON STREET MIDDLETOWN CT,CT,Lead,NONRES,2024-10-16_CT0830011 Middletown_LCRR_Material_Inventory.xlsx,,,CT0830011,TRUE,CT0830011,Middletown Water Department
00002147R,"359 BUTTERNUT STREET, MIDDLETOWN, CT",359 BUTTERNUT STREET,MIDDLETOWN,359 BUTTERNUT STREET MIDDLETOWN CT,CT,Lead,SF,2024-10-16_CT0830011 Middletown_LCRR_Material_Inventory.xlsx,,,CT0830011,TRUE,CT0830011,Middletown Water Department
00002161R,"17 BRAINERD AVENUE, MIDDLETOWN, CT",17 BRAINERD AVENUE,MIDDLETOWN,17 BRAINERD AVENUE MIDDLETOWN CT,CT,Lead,SF,2024-10-16_CT0830011 Middletown_LCRR_Material_Inventory.xlsx,,,CT0830011,TRUE,CT0830011,Middletown Water Department
00002162R,"16 BRAINERD AVENUE, MIDDLETOWN, CT",16 BRAINERD AVENUE,MIDDLETOWN,16 BRAINERD AVENUE MIDDLETOWN CT,CT,Lead,SF,2024-10-16_CT0830011 Middletown_LCRR_Material_Inventory.xlsx,,,CT0830011,TRUE,CT0830011,Middletown Water Department
00002173R,"159 BOSTON ROAD, MIDDLETOWN, CT",159 BOSTON ROAD,MIDDLETOWN,159 BOSTON ROAD MIDDLETOWN CT,CT,Lead,SF,2024-10-16_CT0830011 Middletown_LCRR_Material_Inventory.xlsx,,,CT0830011,TRUE,CT0830011,Middletown Water Department
00002184R,"36 MILES AVENUE, MIDDLETOWN, CT",36 MILES AVENUE,MIDDLETOWN,36 MILES AVENUE MIDDLETOWN CT,CT,Lead,NONRES,2024-10-16_CT0830011 Middletown_LCRR_Material_Inventory.xlsx,,,CT0830011,TRUE,CT0830011,Middletown Water Department
00002191R,"10 BRAINERD AVENUE, MIDDLETOWN, CT",10 BRAINERD AVENUE,MIDDLETOWN,10 BRAINERD AVENUE MIDDLETOWN CT,CT,Lead,MF,2024-10-16_CT0830011 Middletown_LCRR_Material_Inventory.xlsx,,,CT0830011,TRUE,CT0830011,Middletown Water Department
00002193R,"10 SILVER STREET, MIDDLETOWN, CT",10 SILVER STREET,MIDDLETOWN,10 SILVER STREET MIDDLETOWN CT,CT,Lead,SF,2024-10-16_CT0830011 Middletown_LCRR_Material_Inventory.xlsx,,,CT0830011,TRUE,CT0830011,Middletown Water Department
00002202R,"26 WEST SILVER STREET, MIDDLETOWN, CT",26 WEST SILVER STREET,MIDDLETOWN,26 WEST SILVER STREET MIDDLETOWN CT,CT,Lead,SF,2024-10-16_CT0830011 Middletown_LCRR_Material_Inventory.xlsx,,,CT0830011,TRUE,CT0830011,Middletown Water Department
00002203R,"173 VINE STREET, MIDDLETOWN, CT",173 VINE STREET,MIDDLETOWN,173 VINE STREET MIDDLETOWN CT,CT,Lead,O,2024-10-16_CT0830011 Middletown_LCRR_Material_Inventory.xlsx,,,CT0830011,TRUE,CT0830011,Middletown Water Department
00002212R,"48 BOW LANE, MIDDLETOWN, CT",48 BOW LANE,MIDDLETOWN,48 BOW LANE MIDDLETOWN CT,CT,Lead,SF,2024-10-16_CT0830011 Middletown_LCRR_Material_Inventory.xlsx,,,CT0830011,TRUE,CT0830011,Middletown Water Department
00002231R,"67 OAK STREET, MIDDLETOWN, CT",67 OAK STREET,MIDDLETOWN,67 OAK STREET MIDDLETOWN CT,CT,Lead,MF,2024-10-16_CT0830011 Middletown_LCRR_Material_Inventory.xlsx,,,CT0830011,TRUE,CT0830011,Middletown Water Department
00002242R,"20 MAPLE STREET, MIDDLETOWN, CT",20 MAPLE STREET,MIDDLETOWN,20 MAPLE STREET MIDDLETOWN CT,CT,Lead,MF,2024-10-16_CT0830011 Middletown_LCRR_Material_Inventory.xlsx,,,CT0830011,TRUE,CT0830011,Middletown Water Department
00002244R,"59 WARWICK STREET, MIDDLETOWN, CT",59 WARWICK STREET,MIDDLETOWN,59 WARWICK STREET MIDDLETOWN CT,CT,Lead,MF,2024-10-16_CT0830011 Middletown_LCRR_Material_Inventory.xlsx,,,CT0830011,TRUE,CT0830011,Middletown Water Department
00002245R,"55 WARWICK STREET, MIDDLETOWN, CT",55 WARWICK STREET,MIDDLETOWN,55 WARWICK STREET MIDDLETOWN CT,CT,Lead,MF,2024-10-16_CT0830011 Middletown_LCRR_Material_Inventory.xlsx,,,CT0830011,TRUE,CT0830011,Middletown Water Department
00002257R,"40 DURANT STREET, MIDDLETOWN, CT",40 DURANT STREET,MIDDLETOWN,40 DURANT STREET MIDDLETOWN CT,CT,Lead,MF,2024-10-16_CT0830011 Middletown_LCRR_Material_Inventory.xlsx,,,CT0830011,TRUE,CT0830011,Middletown Water Department
00002260R,"46 DURANT TERRACE, MIDDLETOWN, CT",46 DURANT TERRACE,MIDDLETOWN,46 DURANT TERRACE MIDDLETOWN CT,CT,Lead,MF,2024-10-16_CT0830011 Middletown_LCRR_Material_Inventory.xlsx,,,CT0830011,TRUE,CT0830011,Middletown Water Department
00002272R,"119 HIGHLAND AVENUE, MIDDLETOWN, CT",119 HIGHLAND AVENUE,MIDDLETOWN,119 HIGHLAND AVENUE MIDDLETOWN CT,CT,Lead,SF,2024-10-16_CT0830011 Middletown_LCRR_Material_Inventory.xlsx,,,CT0830011,TRUE,CT0830011,Middletown Water Department
00002274R,"56 SILVER STREET, MIDDLETOWN, CT",56 SILVER STREET,MIDDLETOWN,56 SILVER STREET MIDDLETOWN CT,CT,Lead,MF,2024-10-16_CT0830011 Middletown_LCRR_Material_Inventory.xlsx,,,CT0830011,TRUE,CT0830011,Middletown Water Department
00002284R,"439 HIGH STREET, MIDDLETOWN, CT",439 HIGH STREET,MIDDLETOWN,439 HIGH STREET MIDDLETOWN CT,CT,Lead,MF,2024-10-16_CT0830011 Middletown_LCRR_Material_Inventory.xlsx,,,CT0830011,TRUE,CT0830011,Middletown Water Department
00002293R,"787 RIDGE ROAD, MIDDLETOWN, CT",787 RIDGE ROAD,MIDDLETOWN,787 RIDGE ROAD MIDDLETOWN CT,CT,Lead,SF,2024-10-16_CT0830011 Middletown_LCRR_Material_Inventory.xlsx,,,CT0830011,TRUE,CT0830011,Middletown Water Department
00002305R,"41 SPRING STREET, MIDDLETOWN, CT",41 SPRING STREET,MIDDLETOWN,41 SPRING STREET MIDDLETOWN CT,CT,Lead,MF,2024-10-16_CT0830011 Middletown_LCRR_Material_Inventory.xlsx,,,CT0830011,TRUE,CT0830011,Middletown Water Department
00002319R,"106 CHESTNUT STREET, MIDDLETOWN, CT",106 CHESTNUT STREET,MIDDLETOWN,106 CHESTNUT STREET MIDDLETOWN CT,CT,Lead,MF,2024-10-16_CT0830011 Middletown_LCRR_Material_Inventory.xlsx,,,CT0830011,TRUE,CT0830011,Middletown Water Department
00002321R,"98 LIBERTY STREET, MIDDLETOWN, CT",98 LIBERTY STREET,MIDDLETOWN,98 LIBERTY STREET MIDDLETOWN CT,CT,Lead,NONRES,2024-10-16_CT0830011 Middletown_LCRR_Material_Inventory.xlsx,,,CT0830011,TRUE,CT0830011,Middletown Water Department
00002329R,"73 FERRY STREET, MIDDLETOWN, CT",73 FERRY STREET,MIDDLETOWN,73 FERRY STREET MIDDLETOWN CT,CT,Lead,NONRES,2024-10-16_CT0830011 Middletown_LCRR_Material_Inventory.xlsx,,,CT0830011,TRUE,CT0830011,Middletown Water Department
00002340R,"153 EASTERN DRIVE, MIDDLETOWN, CT",153 EASTERN DRIVE,MIDDLETOWN,153 EASTERN DRIVE MIDDLETOWN CT,CT,Lead,SF,2024-10-16_CT0830011 Middletown_LCRR_Material_Inventory.xlsx,,,CT0830011,TRUE,CT0830011,Middletown Water Department
00002342R,"16 EVERGREEN AVENUE, MIDDLETOWN, CT",16 EVERGREEN AVENUE,MIDDLETOWN,16 EVERGREEN AVENUE MIDDLETOWN CT,CT,Lead,SF,2024-10-16_CT0830011 Middletown_LCRR_Material_Inventory.xlsx,,,CT0830011,TRUE,CT0830011,Middletown Water Department
00002347R,"59 HIGHLAND AVENUE, MIDDLETOWN, CT",59 HIGHLAND AVENUE,MIDDLETOWN,59 HIGHLAND AVENUE MIDDLETOWN CT,CT,Lead,NONRES,2024-10-16_CT0830011 Middletown_LCRR_Material_Inventory.xlsx,,,CT0830011,TRUE,CT0830011,Middletown Water Department
00002354R,"98 CATHERINE STREET, MIDDLETOWN, CT",98 CATHERINE STREET,MIDDLETOWN,98 CATHERINE STREET MIDDLETOWN CT,CT,Lead,SF,2024-10-16_CT0830011 Middletown_LCRR_Material_Inventory.xlsx,,,CT0830011,TRUE,CT0830011,Middletown Water Department
00002356R,"646 MAIN STREET, MIDDLETOWN, CT",646 MAIN STREET,MIDDLETOWN,646 MAIN STREET MIDDLETOWN CT,CT,Lead,NONRES,2024-10-16_CT0830011 Middletown_LCRR_Material_Inventory.xlsx,,,CT0830011,TRUE,CT0830011,Middletown Water Department
00002360R,"130 LAKESIDE AVENUE, MIDDLETOWN, CT",130 LAKESIDE AVENUE,MIDDLETOWN,130 LAKESIDE AVENUE MIDDLETOWN CT,CT,Lead,SF,2024-10-16_CT0830011 Middletown_LCRR_Material_Inventory.xlsx,,,CT0830011,TRUE,CT0830011,Middletown Water Department
00002361R,"48 JACKSON STREET, MIDDLETOWN, CT",48 JACKSON STREET,MIDDLETOWN,48 JACKSON STREET MIDDLETOWN CT,CT,Lead,MF,2024-10-16_CT0830011 Middletown_LCRR_Material_Inventory.xlsx,,,CT0830011,TRUE,CT0830011,Middletown Water Department
00002362R,"46 MIDDLEFIELD STREET, MIDDLETOWN, CT",46 MIDDLEFIELD STREET,MIDDLETOWN,46 MIDDLEFIELD STREET MIDDLETOWN CT,CT,Lead,SF,2024-10-16_CT0830011 Middletown_LCRR_Material_Inventory.xlsx,,,CT0830011,TRUE,CT0830011,Middletown Water Department
00002363R,"31 EVERGREEN AVENUE, MIDDLETOWN, CT",31 EVERGREEN AVENUE,MIDDLETOWN,31 EVERGREEN AVENUE MIDDLETOWN CT,CT,Lead,SF,2024-10-16_CT0830011 Middletown_LCRR_Material_Inventory.xlsx,,,CT0830011,TRUE,CT0830011,Middletown Water Department
00002370R,"478 EAST STREET, MIDDLETOWN, CT",478 EAST STREET,MIDDLETOWN,478 EAST STREET MIDDLETOWN CT,CT,Lead,SF,2024-10-16_CT0830011 Middletown_LCRR_Material_Inventory.xlsx,,,CT0830011,TRUE,CT0830011,Middletown Water Department
00002381R,"6 COTTAGE STREET, MIDDLETOWN, CT",6 COTTAGE STREET,MIDDLETOWN,6 COTTAGE STREET MIDDLETOWN CT,CT,Lead,SF,2024-10-16_CT0830011 Middletown_LCRR_Material_Inventory.xlsx,,,CT0830011,TRUE,CT0830011,Middletown Water Department
00002386R,"19 SPRING STREET, MIDDLETOWN, CT",19 SPRING STREET,MIDDLETOWN,19 SPRING STREET MIDDLETOWN CT,CT,Lead,NONRES,2024-10-16_CT0830011 Middletown_LCRR_Material_Inventory.xlsx,,,CT0830011,TRUE,CT0830011,Middletown Water Department
00002391R,"93 SOUTH MAIN STREET, MIDDLETOWN, CT",93 SOUTH MAIN STREET,MIDDLETOWN,93 SOUTH MAIN STREET MIDDLETOWN CT,CT,Lead,MF,2024-10-16_CT0830011 Middletown_LCRR_Material_Inventory.xlsx,,,CT0830011,TRUE,CT0830011,Middletown Water Department
00002392R,"161 RESERVOIR ROAD, MIDDLETOWN, CT",161 RESERVOIR ROAD,MIDDLETOWN,161 RESERVOIR ROAD MIDDLETOWN CT,CT,Lead,MF,2024-10-16_CT0830011 Middletown_LCRR_Material_Inventory.xlsx,,,CT0830011,TRUE,CT0830011,Middletown Water Department
00002405R,"47 SILVER STREET, MIDDLETOWN, CT",47 SILVER STREET,MIDDLETOWN,47 SILVER STREET MIDDLETOWN CT,CT,Lead,SF,2024-10-16_CT0830011 Middletown_LCRR_Material_Inventory.xlsx,,,CT0830011,TRUE,CT0830011,Middletown Water Department
00002416R,"21 SILVER STREET, MIDDLETOWN, CT",21 SILVER STREET,MIDDLETOWN,21 SILVER STREET MIDDLETOWN CT,CT,Lead,MF,2024-10-16_CT0830011 Middletown_LCRR_Material_Inventory.xlsx,,,CT0830011,TRUE,CT0830011,Middletown Water Department
00002418R,"27 MORGAN STREET, MIDDLETOWN, CT",27 MORGAN STREET,MIDDLETOWN,27 MORGAN STREET MIDDLETOWN CT,CT,Lead,SF,2024-10-16_CT0830011 Middletown_LCRR_Material_Inventory.xlsx,,,CT0830011,TRUE,CT0830011,Middletown Water Department
00002426R,"17 SILVER STREET, MIDDLETOWN, CT",17 SILVER STREET,MIDDLETOWN,17 SILVER STREET MIDDLETOWN CT,CT,Lead,SF,2024-10-16_CT0830011 Middletown_LCRR_Material_Inventory.xlsx,,,CT0830011,TRUE,CT0830011,Middletown Water Department
00002442R,"3 LINDEN STREET, MIDDLETOWN, CT",3 LINDEN STREET,MIDDLETOWN,3 LINDEN STREET MIDDLETOWN CT,CT,Lead,SF,2024-10-16_CT0830011 Middletown_LCRR_Material_Inventory.xlsx,,,CT0830011,TRUE,CT0830011,Middletown Water Department
00002449R,"41 HOME AVENUE, MIDDLETOWN, CT",41 HOME AVENUE,MIDDLETOWN,41 HOME AVENUE MIDDLETOWN CT,CT,Lead,SF,2024-10-16_CT0830011 Middletown_LCRR_Material_Inventory.xlsx,,,CT0830011,TRUE,CT0830011,Middletown Water Department
00002452R,"172 HUNTING HILL AVENUE, MIDDLETOWN, CT",172 HUNTING HILL AVENUE,MIDDLETOWN,172 HUNTING HILL AVENUE MIDDLETOWN CT,CT,Lead,MF,2024-10-16_CT0830011 Middletown_LCRR_Material_Inventory.xlsx,,,CT0830011,TRUE,CT0830011,Middletown Water Department
00002456R,"84 HIGHLAND AVENUE, MIDDLETOWN, CT",84 HIGHLAND AVENUE,MIDDLETOWN,84 HIGHLAND AVENUE MIDDLETOWN CT,CT,Lead,SF,2024-10-16_CT0830011 Middletown_LCRR_Material_Inventory.xlsx,,,CT0830011,TRUE,CT0830011,Middletown Water Department
00002458R,"62 HIGHLAND AVENUE, MIDDLETOWN, CT",62 HIGHLAND AVENUE,MIDDLETOWN,62 HIGHLAND AVENUE MIDDLETOWN CT,CT,Lead,MF,2024-10-16_CT0830011 Middletown_LCRR_Material_Inventory.xlsx,,,CT0830011,TRUE,CT0830011,Middletown Water Department
00002460R,"3 BRAINERD AVENUE, MIDDLETOWN, CT",3 BRAINERD AVENUE,MIDDLETOWN,3 BRAINERD AVENUE MIDDLETOWN CT,CT,Lead,SF,2024-10-16_CT0830011 Middletown_LCRR_Material_Inventory.xlsx,,,CT0830011,TRUE,CT0830011,Middletown Water Department
00002485R,"2 ALSOP AVENUE, MIDDLETOWN, CT",2 ALSOP AVENUE,MIDDLETOWN,2 ALSOP AVENUE MIDDLETOWN CT,CT,Lead,MF,2024-10-16_CT0830011 Middletown_LCRR_Material_Inventory.xlsx,,,CT0830011,TRUE,CT0830011,Middletown Water Department
00002499R,"45 HOTCHKISS STREET, MIDDLETOWN, CT",45 HOTCHKISS STREET,MIDDLETOWN,45 HOTCHKISS STREET MIDDLETOWN CT,CT,Lead,MF,2024-10-16_CT0830011 Middletown_LCRR_Material_Inventory.xlsx,,,CT0830011,TRUE,CT0830011,Middletown Water Department
00002501R,"35 LAKE STREET, MIDDLETOWN, CT",35 LAKE STREET,MIDDLETOWN,35 LAKE STREET MIDDLETOWN CT,CT,Lead,SF,2024-10-16_CT0830011 Middletown_LCRR_Material_Inventory.xlsx,,,CT0830011,TRUE,CT0830011,Middletown Water Department
00002513R,"384 HIGH STREET, MIDDLETOWN, CT",384 HIGH STREET,MIDDLETOWN,384 HIGH STREET MIDDLETOWN CT,CT,Lead,SF,2024-10-16_CT0830011 Middletown_LCRR_Material_Inventory.xlsx,,,CT0830011,TRUE,CT0830011,Middletown Water Department
00002550R,"32 SPRING STREET, MIDDLETOWN, CT",32 SPRING STREET,MIDDLETOWN,32 SPRING STREET MIDDLETOWN CT,CT,Lead,MF,2024-10-16_CT0830011 Middletown_LCRR_Material_Inventory.xlsx,,,CT0830011,TRUE,CT0830011,Middletown Water Department
00002569R,"18 WALNUT STREET, MIDDLETOWN, CT",18 WALNUT STREET,MIDDLETOWN,18 WALNUT STREET MIDDLETOWN CT,CT,Lead,SF,2024-10-16_CT0830011 Middletown_LCRR_Material_Inventory.xlsx,,,CT0830011,TRUE,CT0830011,Middletown Water Department
00002617R,"89 GROVE STREET, MIDDLETOWN, CT",89 GROVE STREET,MIDDLETOWN,89 GROVE STREET MIDDLETOWN CT,CT,Lead,MF,2024-10-16_CT0830011 Middletown_LCRR_Material_Inventory.xlsx,,,CT0830011,TRUE,CT0830011,Middletown Water Department
00002723R,"211 RIDGE ROAD, MIDDLETOWN, CT",211 RIDGE ROAD,MIDDLETOWN,211 RIDGE ROAD MIDDLETOWN CT,CT,Lead,SF,2024-10-16_CT0830011 Middletown_LCRR_Material_Inventory.xlsx,,,CT0830011,TRUE,CT0830011,Middletown Water Department
00002777R,"95 FRONT STREET, MIDDLETOWN, CT",95 FRONT STREET,MIDDLETOWN,95 FRONT STREET MIDDLETOWN CT,CT,Lead,MF,2024-10-16_CT0830011 Middletown_LCRR_Material_Inventory.xlsx,,,CT0830011,TRUE,CT0830011,Middletown Water Department
00002786R,"170 FRONT STREET, MIDDLETOWN, CT",170 FRONT STREET,MIDDLETOWN,170 FRONT STREET MIDDLETOWN CT,CT,Lead,SF,2024-10-16_CT0830011 Middletown_LCRR_Material_Inventory.xlsx,,,CT0830011,TRUE,CT0830011,Middletown Water Department
00002787R,"142 FRONT STREET, MIDDLETOWN, CT",142 FRONT STREET,MIDDLETOWN,142 FRONT STREET MIDDLETOWN CT,CT,Lead,MF,2024-10-16_CT0830011 Middletown_LCRR_Material_Inventory.xlsx,,,CT0830011,TRUE,CT0830011,Middletown Water Department
00002798R,"335 RIDGE ROAD, MIDDLETOWN, CT",335 RIDGE ROAD,MIDDLETOWN,335 RIDGE ROAD MIDDLETOWN CT,CT,Lead,SF,2024-10-16_CT0830011 Middletown_LCRR_Material_Inventory.xlsx,,,CT0830011,TRUE,CT0830011,Middletown Water Department
00002804R,"364 RIDGE ROAD, MIDDLETOWN, CT",364 RIDGE ROAD,MIDDLETOWN,364 RIDGE ROAD MIDDLETOWN CT,CT,Lead,SF,2024-10-16_CT0830011 Middletown_LCRR_Material_Inventory.xlsx,,,CT0830011,TRUE,CT0830011,Middletown Water Department
00002822R,"85 FRONT STREET, MIDDLETOWN, CT",85 FRONT STREET,MIDDLETOWN,85 FRONT STREET MIDDLETOWN CT,CT,Lead,SF,2024-10-16_CT0830011 Middletown_LCRR_Material_Inventory.xlsx,,,CT0830011,TRUE,CT0830011,Middletown Water Department
00002907R,"148 HIGHLAND AVENUE, MIDDLETOWN, CT",148 HIGHLAND AVENUE,MIDDLETOWN,148 HIGHLAND AVENUE MIDDLETOWN CT,CT,Lead,SF,2024-10-16_CT0830011 Middletown_LCRR_Material_Inventory.xlsx,,,CT0830011,TRUE,CT0830011,Middletown Water Department
00002947R,"46 HILLSIDE AVENUE, MIDDLETOWN, CT",46 HILLSIDE AVENUE,MIDDLETOWN,46 HILLSIDE AVENUE MIDDLETOWN CT,CT,Lead,SF,2024-10-16_CT0830011 Middletown_LCRR_Material_Inventory.xlsx,,,CT0830011,TRUE,CT0830011,Middletown Water Department
00002994R,"66 HILLSIDE AVENUE, MIDDLETOWN, CT",66 HILLSIDE AVENUE,MIDDLETOWN,66 HILLSIDE AVENUE MIDDLETOWN CT,CT,Lead,MF,2024-10-16_CT0830011 Middletown_LCRR_Material_Inventory.xlsx,,,CT0830011,TRUE,CT0830011,Middletown Water Department
00003017R,"91 SCHUYLER AVENUE, MIDDLETOWN, CT",91 SCHUYLER AVENUE,MIDDLETOWN,91 SCHUYLER AVENUE MIDDLETOWN CT,CT,Lead,SF,2024-10-16_CT0830011 Middletown_LCRR_Material_Inventory.xlsx,,,CT0830011,TRUE,CT0830011,Middletown Water Department
00003052R,"95 HUNTING HILL AVENUE, MIDDLETOWN, CT",95 HUNTING HILL AVENUE,MIDDLETOWN,95 HUNTING HILL AVENUE MIDDLETOWN CT,CT,Lead,SF,2024-10-16_CT0830011 Middletown_LCRR_Material_Inventory.xlsx,,,CT0830011,TRUE,CT0830011,Middletown Water Department
00003059R,"271 HUNTING HILL AVENUE, MIDDLETOWN, CT",271 HUNTING HILL AVENUE,MIDDLETOWN,271 HUNTING HILL AVENUE MIDDLETOWN CT,CT,Lead,SF,2024-10-16_CT0830011 Middletown_LCRR_Material_Inventory.xlsx,,,CT0830011,TRUE,CT0830011,Middletown Water Department
00003064R,"112 HIGHLAND AVENUE, MIDDLETOWN, CT",112 HIGHLAND AVENUE,MIDDLETOWN,112 HIGHLAND AVENUE MIDDLETOWN CT,CT,Lead,NONRES,2024-10-16_CT0830011 Middletown_LCRR_Material_Inventory.xlsx,,,CT0830011,TRUE,CT0830011,Middletown Water Department
00003069R,"118 HIGHLAND AVENUE, MIDDLETOWN, CT",118 HIGHLAND AVENUE,MIDDLETOWN,118 HIGHLAND AVENUE MIDDLETOWN CT,CT,Lead,O,2024-10-16_CT0830011 Middletown_LCRR_Material_Inventory.xlsx,,,CT0830011,TRUE,CT0830011,Middletown Water Department
00003077R,"424 RIDGE ROAD, MIDDLETOWN, CT",424 RIDGE ROAD,MIDDLETOWN,424 RIDGE ROAD MIDDLETOWN CT,CT,Lead,MF,2024-10-16_CT0830011 Middletown_LCRR_Material_Inventory.xlsx,,,CT0830011,TRUE,CT0830011,Middletown Water Department
00003119R,"26 EVERGREEN AVENUE, MIDDLETOWN, CT",26 EVERGREEN AVENUE,MIDDLETOWN,26 EVERGREEN AVENUE MIDDLETOWN CT,CT,Lead,SF,2024-10-16_CT0830011 Middletown_LCRR_Material_Inventory.xlsx,,,CT0830011,TRUE,CT0830011,Middletown Water Department
00003208R,"290 HUNTING HILL AVENUE, MIDDLETOWN, CT",290 HUNTING HILL AVENUE,MIDDLETOWN,290 HUNTING HILL AVENUE MIDDLETOWN CT,CT,Lead,SF,2024-10-16_CT0830011 Middletown_LCRR_Material_Inventory.xlsx,,,CT0830011,TRUE,CT0830011,Middletown Water Department
00003211R,"48 MIDDLEFIELD STREET, MIDDLETOWN, CT",48 MIDDLEFIELD STREET,MIDDLETOWN,48 MIDDLEFIELD STREET MIDDLETOWN CT,CT,Lead,SF,2024-10-16_CT0830011 Middletown_LCRR_Material_Inventory.xlsx,,,CT0830011,TRUE,CT0830011,Middletown Water Department
00003230R,"7 MILES AVENUE, MIDDLETOWN, CT",7 MILES AVENUE,MIDDLETOWN,7 MILES AVENUE MIDDLETOWN CT,CT,Lead,SF,2024-10-16_CT0830011 Middletown_LCRR_Material_Inventory.xlsx,,,CT0830011,TRUE,CT0830011,Middletown Water Department
00003234R,"263 HUNTING HILL AVENUE, MIDDLETOWN, CT",263 HUNTING HILL AVENUE,MIDDLETOWN,263 HUNTING HILL AVENUE MIDDLETOWN CT,CT,Lead,SF,2024-10-16_CT0830011 Middletown_LCRR_Material_Inventory.xlsx,,,CT0830011,TRUE,CT0830011,Middletown Water Department
00003295R,"132 FOWLER AVENUE, MIDDLETOWN, CT",132 FOWLER AVENUE,MIDDLETOWN,132 FOWLER AVENUE MIDDLETOWN CT,CT,Lead,SF,2024-10-16_CT0830011 Middletown_LCRR_Material_Inventory.xlsx,,,CT0830011,TRUE,CT0830011,Middletown Water Department
00003316R,"157 LIBERTY STREET, MIDDLETOWN, CT",157 LIBERTY STREET,MIDDLETOWN,157 LIBERTY STREET MIDDLETOWN CT,CT,Lead,MF,2024-10-16_CT0830011 Middletown_LCRR_Material_Inventory.xlsx,,,CT0830011,TRUE,CT0830011,Middletown Water Department
00003351R,"278 HUNTING HILL AVENUE, MIDDLETOWN, CT",278 HUNTING HILL AVENUE,MIDDLETOWN,278 HUNTING HILL AVENUE MIDDLETOWN CT,CT,Lead,SF,2024-10-16_CT0830011 Middletown_LCRR_Material_Inventory.xlsx,,,CT0830011,TRUE,CT0830011,Middletown Water Department
00003363R,"440 RIDGE ROAD, MIDDLETOWN, CT",440 RIDGE ROAD,MIDDLETOWN,440 RIDGE ROAD MIDDLETOWN CT,CT,Lead,SF,2024-10-16_CT0830011 Middletown_LCRR_Material_Inventory.xlsx,,,CT0830011,TRUE,CT0830011,Middletown Water Department
00003381R,"86 CHESTNUT STREET, MIDDLETOWN, CT",86 CHESTNUT STREET,MIDDLETOWN,86 CHESTNUT STREET MIDDLETOWN CT,CT,Lead,SF,2024-10-16_CT0830011 Middletown_LCRR_Material_Inventory.xlsx,,,CT0830011,TRUE,CT0830011,Middletown Water Department
00003386R,"15 ROBERTS STREET, MIDDLETOWN, CT",15 ROBERTS STREET,MIDDLETOWN,15 ROBERTS STREET MIDDLETOWN CT,CT,Lead,MF,2024-10-16_CT0830011 Middletown_LCRR_Material_Inventory.xlsx,,,CT0830011,TRUE,CT0830011,Middletown Water Department
00003399R,"34 BRETTON ROAD, MIDDLETOWN, CT",34 BRETTON ROAD,MIDDLETOWN,34 BRETTON ROAD MIDDLETOWN CT,CT,Lead,SF,2024-10-16_CT0830011 Middletown_LCRR_Material_Inventory.xlsx,,,CT0830011,TRUE,CT0830011,Middletown Water Department
00003454R,"20 SEARS STREET, MIDDLETOWN, CT",20 SEARS STREET,MIDDLETOWN,20 SEARS STREET MIDDLETOWN CT,CT,Lead,SF,2024-10-16_CT0830011 Middletown_LCRR_Material_Inventory.xlsx,,,CT0830011,TRUE,CT0830011,Middletown Water Department
00003551R,"219 FARM HILL ROAD, MIDDLETOWN, CT",219 FARM HILL ROAD,MIDDLETOWN,219 FARM HILL ROAD MIDDLETOWN CT,CT,Lead,SF,2024-10-16_CT0830011 Middletown_LCRR_Material_Inventory.xlsx,,,CT0830011,TRUE,CT0830011,Middletown Water Department
00003593R,"82 EAST RIDGE ROAD, MIDDLETOWN, CT",82 EAST RIDGE ROAD,MIDDLETOWN,82 EAST RIDGE ROAD MIDDLETOWN CT,CT,Lead,SF,2024-10-16_CT0830011 Middletown_LCRR_Material_Inventory.xlsx,,,CT0830011,TRUE,CT0830011,Middletown Water Department
00003598R,"41 TRYON STREET, MIDDLETOWN, CT",41 TRYON STREET,MIDDLETOWN,41 TRYON STREET MIDDLETOWN CT,CT,Lead,SF,2024-10-16_CT0830011 Middletown_LCRR_Material_Inventory.xlsx,,,CT0830011,TRUE,CT0830011,Middletown Water Department
00003634R,"16 ROBERTS STREET, MIDDLETOWN, CT",16 ROBERTS STREET,MIDDLETOWN,16 ROBERTS STREET MIDDLETOWN CT,CT,Lead,SF,2024-10-16_CT0830011 Middletown_LCRR_Material_Inventory.xlsx,,,CT0830011,TRUE,CT0830011,Middletown Water Department
00003728R,"77 SCHUYLER AVENUE, MIDDLETOWN, CT",77 SCHUYLER AVENUE,MIDDLETOWN,77 SCHUYLER AVENUE MIDDLETOWN CT,CT,Lead,SF,2024-10-16_CT0830011 Middletown_LCRR_Material_Inventory.xlsx,,,CT0830011,TRUE,CT0830011,Middletown Water Department
00003814R,"53 HILLCREST AVENUE, MIDDLETOWN, CT",53 HILLCREST AVENUE,MIDDLETOWN,53 HILLCREST AVENUE MIDDLETOWN CT,CT,Lead,SF,2024-10-16_CT0830011 Middletown_LCRR_Material_Inventory.xlsx,,,CT0830011,TRUE,CT0830011,Middletown Water Department
00003831R,"56 GROVE STREET, MIDDLETOWN, CT",56 GROVE STREET,MIDDLETOWN,56 GROVE STREET MIDDLETOWN CT,CT,Lead,MF,2024-10-16_CT0830011 Middletown_LCRR_Material_Inventory.xlsx,,,CT0830011,TRUE,CT0830011,Middletown Water Department
00003852R,"165 OLD MILL ROAD, MIDDLETOWN, CT",165 OLD MILL ROAD,MIDDLETOWN,165 OLD MILL ROAD MIDDLETOWN CT,CT,Lead,SF,2024-10-16_CT0830011 Middletown_LCRR_Material_Inventory.xlsx,,,CT0830011,TRUE,CT0830011,Middletown Water Department
00003868R,"382 PINE STREET, MIDDLETOWN, CT",382 PINE STREET,MIDDLETOWN,382 PINE STREET MIDDLETOWN CT,CT,Lead,O,2024-10-16_CT0830011 Middletown_LCRR_Material_Inventory.xlsx,,,CT0830011,TRUE,CT0830011,Middletown Water Department
00003953R,"399 PINE STREET, MIDDLETOWN, CT",399 PINE STREET,MIDDLETOWN,399 PINE STREET MIDDLETOWN CT,CT,Lead,SF,2024-10-16_CT0830011 Middletown_LCRR_Material_Inventory.xlsx,,,CT0830011,TRUE,CT0830011,Middletown Water Department
00003965R,"55 MORGAN STREET, MIDDLETOWN, CT",55 MORGAN STREET,MIDDLETOWN,55 MORGAN STREET MIDDLETOWN CT,CT,Lead,SF,2024-10-16_CT0830011 Middletown_LCRR_Material_Inventory.xlsx,,,CT0830011,TRUE,CT0830011,Middletown Water Department
00003967R,"142 HIGHLAND AVENUE, MIDDLETOWN, CT",142 HIGHLAND AVENUE,MIDDLETOWN,142 HIGHLAND AVENUE MIDDLETOWN CT,CT,Lead,MF,2024-10-16_CT0830011 Middletown_LCRR_Material_Inventory.xlsx,,,CT0830011,TRUE,CT0830011,Middletown Water Department
00003981R,"71 HIGHLAND AVENUE, MIDDLETOWN, CT",71 HIGHLAND AVENUE,MIDDLETOWN,71 HIGHLAND AVENUE MIDDLETOWN CT,CT,Lead,SF,2024-10-16_CT0830011 Middletown_LCRR_Material_Inventory.xlsx,,,CT0830011,TRUE,CT0830011,Middletown Water Department
00003999R,"542 MAIN STREET, MIDDLETOWN, CT",542 MAIN STREET,MIDDLETOWN,542 MAIN STREET MIDDLETOWN CT,CT,Lead,NONRES,2024-10-16_CT0830011 Middletown_LCRR_Material_Inventory.xlsx,,,CT0830011,TRUE,CT0830011,Middletown Water Department
00004025R,"743 RANDOLPH ROAD, MIDDLETOWN, CT",743 RANDOLPH ROAD,MIDDLETOWN,743 RANDOLPH ROAD MIDDLETOWN CT,CT,Lead,SF,2024-10-16_CT0830011 Middletown_LCRR_Material_Inventory.xlsx,,,CT0830011,TRUE,CT0830011,Middletown Water Department
00004095R,"20 ROBERTS STREET, MIDDLETOWN, CT",20 ROBERTS STREET,MIDDLETOWN,20 ROBERTS STREET MIDDLETOWN CT,CT,Lead,SF,2024-10-16_CT0830011 Middletown_LCRR_Material_Inventory.xlsx,,,CT0830011,TRUE,CT0830011,Middletown Water Department
00004150R,"298 FARM HILL ROAD, MIDDLETOWN, CT",298 FARM HILL ROAD,MIDDLETOWN,298 FARM HILL ROAD MIDDLETOWN CT,CT,Lead,SF,2024-10-16_CT0830011 Middletown_LCRR_Material_Inventory.xlsx,,,CT0830011,TRUE,CT0830011,Middletown Water Department
00004250R,"8 LINDEN STREET, MIDDLETOWN, CT",8 LINDEN STREET,MIDDLETOWN,8 LINDEN STREET MIDDLETOWN CT,CT,Lead,SF,2024-10-16_CT0830011 Middletown_LCRR_Material_Inventory.xlsx,,,CT0830011,TRUE,CT0830011,Middletown Water Department
00004262R,"437 WEST STREET, MIDDLETOWN, CT",437 WEST STREET,MIDDLETOWN,437 WEST STREET MIDDLETOWN CT,CT,Lead,SF,2024-10-16_CT0830011 Middletown_LCRR_Material_Inventory.xlsx,,,CT0830011,TRUE,CT0830011,Middletown Water Department
00004337R,"297 FARM HILL ROAD, MIDDLETOWN, CT",297 FARM HILL ROAD,MIDDLETOWN,297 FARM HILL ROAD MIDDLETOWN CT,CT,Lead,SF,2024-10-16_CT0830011 Middletown_LCRR_Material_Inventory.xlsx,,,CT0830011,TRUE,CT0830011,Middletown Water Department
00004493R,"60 JOHNSON STREET, MIDDLETOWN, CT",60 JOHNSON STREET,MIDDLETOWN,60 JOHNSON STREET MIDDLETOWN CT,CT,Lead,SF,2024-10-16_CT0830011 Middletown_LCRR_Material_Inventory.xlsx,,,CT0830011,TRUE,CT0830011,Middletown Water Department
00004499R,"21 PECK ROAD, MIDDLETOWN, CT",21 PECK ROAD,MIDDLETOWN,21 PECK ROAD MIDDLETOWN CT,CT,Lead,SF,2024-10-16_CT0830011 Middletown_LCRR_Material_Inventory.xlsx,,,CT0830011,TRUE,CT0830011,Middletown Water Department
00004536R,"821 RANDOLPH ROAD, MIDDLETOWN, CT",821 RANDOLPH ROAD,MIDDLETOWN,821 RANDOLPH ROAD MIDDLETOWN CT,CT,Lead,SF,2024-10-16_CT0830011 Middletown_LCRR_Material_Inventory.xlsx,,,CT0830011,TRUE,CT0830011,Middletown Water Department
00004547R,"282 FARM HILL ROAD, MIDDLETOWN, CT",282 FARM HILL ROAD,MIDDLETOWN,282 FARM HILL ROAD MIDDLETOWN CT,CT,Lead,SF,2024-10-16_CT0830011 Middletown_LCRR_Material_Inventory.xlsx,,,CT0830011,TRUE,CT0830011,Middletown Water Department
00004632R,"208 MARKHAM STREET, MIDDLETOWN, CT",208 MARKHAM STREET,MIDDLETOWN,208 MARKHAM STREET MIDDLETOWN CT,CT,Lead,SF,2024-10-16_CT0830011 Middletown_LCRR_Material_Inventory.xlsx,,,CT0830011,TRUE,CT0830011,Middletown Water Department
00004774R,"33 MIDDLEFIELD STREET, MIDDLETOWN, CT",33 MIDDLEFIELD STREET,MIDDLETOWN,33 MIDDLEFIELD STREET MIDDLETOWN CT,CT,Lead,SF,2024-10-16_CT0830011 Middletown_LCRR_Material_Inventory.xlsx,,,CT0830011,TRUE,CT0830011,Middletown Water Department
00005369R,"206 CAMP STREET, MIDDLETOWN, CT",206 CAMP STREET,MIDDLETOWN,206 CAMP STREET MIDDLETOWN CT,CT,Lead,SF,2024-10-16_CT0830011 Middletown_LCRR_Material_Inventory.xlsx,,,CT0830011,TRUE,CT0830011,Middletown Water Department
00005481R,"326 MIDDLEFIELD STREET, MIDDLETOWN, CT",326 MIDDLEFIELD STREET,MIDDLETOWN,326 MIDDLEFIELD STREET MIDDLETOWN CT,CT,Lead,NONRES,2024-10-16_CT0830011 Middletown_LCRR_Material_Inventory.xlsx,,,CT0830011,TRUE,CT0830011,Middletown Water Department
00008172R,"145 LIBERTY STREET, MIDDLETOWN, CT",145 LIBERTY STREET,MIDDLETOWN,145 LIBERTY STREET MIDDLETOWN CT,CT,Lead,MF,2024-10-16_CT0830011 Middletown_LCRR_Material_Inventory.xlsx,,,CT0830011,TRUE,CT0830011,Middletown Water Department
00011426R,"180 EAST MAIN STREET, MIDDLETOWN, CT",180 EAST MAIN STREET,MIDDLETOWN,180 EAST MAIN STREET MIDDLETOWN CT,CT,Lead,NONRES,2024-10-16_CT0830011 Middletown_LCRR_Material_Inventory.xlsx,,,CT0830011,TRUE,CT0830011,Middletown Water Department
00014366R,"51 BOSTON ROAD, MIDDLETOWN, CT",51 BOSTON ROAD,MIDDLETOWN,51 BOSTON ROAD MIDDLETOWN CT,CT,Lead,SF,2024-10-16_CT0830011 Middletown_LCRR_Material_Inventory.xlsx,,,CT0830011,TRUE,CT0830011,Middletown Water Department
00030319C,"418 MAIN STREET, MIDDLETOWN, CT",418 MAIN STREET,MIDDLETOWN,418 MAIN STREET MIDDLETOWN CT,CT,Lead,NONRES,2024-10-16_CT0830011 Middletown_LCRR_Material_Inventory.xlsx,,,CT0830011,TRUE,CT0830011,Middletown Water Department